<?xml version="1.0" encoding="UTF-8"?>
<metadata xml:lang="en"><Esri><CreaDate>20150615</CreaDate><CreaTime>16304700</CreaTime><ArcGISFormat>1.0</ArcGISFormat><SyncOnce>TRUE</SyncOnce><DataProperties><itemProps><itemLocation><linkage Sync="TRUE">file://\\45gude-data1\Depts\FacilitiesMgmt\LRP\GIS\Data\MCPS\Cluster</linkage><protocol Sync="TRUE">Local Area Network</protocol></itemLocation></itemProps><copyHistory><copy source="X:\Work\BoundaryProcessing\NewBoundaryFiles\Cluster" dest="\\45gude-data1\Depts\FacilitiesMgmt\LRP\GIS\Data\MCPS\Cluster" date="20150615" time="16304700"></copy></copyHistory></DataProperties></Esri></metadata>
